{"last_tab":"","color_scheme":"color-scheme-blue","radiant_body_background":{"background-color":"#FFFFFF","background-repeat":"","background-size":"","background-attachment":"","background-position":"","background-image":"","media":{"id":"","height":"","width":"","thumbnail":""}},"opt-logo-media":{"url":"https:\/\/themes.radiantthemes.com\/consultix\/demo-ten\/wp-content\/uploads\/2018\/04\/logo.png","id":"8514","height":"49","width":"216","thumbnail":"https:\/\/themes.radiantthemes.com\/consultix\/demo-ten\/wp-content\/uploads\/2018\/04\/logo.png","title":"logo","caption":"","alt":"","description":""},"opt-retina-logo-media":{"url":"https:\/\/themes.radiantthemes.com\/consultix\/demo-ten\/wp-content\/uploads\/2018\/04\/ratina-logo.png","id":"8515","height":"90","width":"396","thumbnail":"https:\/\/themes.radiantthemes.com\/consultix\/demo-ten\/wp-content\/uploads\/2018\/04\/ratina-logo.png","title":"ratina-logo","caption":"","alt":"","description":""},"favicon":{"url":"https:\/\/themes.radiantthemes.com\/consultix\/demo-ten\/wp-content\/uploads\/2018\/04\/favicon.ico","id":"9643","height":"","width":"","thumbnail":"https:\/\/themes.radiantthemes.com\/consultix\/demo-ten\/wp-content\/uploads\/2018\/04\/favicon.ico","title":"favicon","caption":"","alt":"","description":""},"apple-icon":{"url":"https:\/\/themes.radiantthemes.com\/consultix\/demo-ten\/wp-content\/uploads\/2018\/04\/apple-touch-icon.png","id":"8539","height":"180","width":"180","thumbnail":"https:\/\/themes.radiantthemes.com\/consultix\/demo-ten\/wp-content\/uploads\/2018\/04\/apple-touch-icon.png","title":"apple-touch-icon","caption":"","alt":"","description":""},"general_typography":{"font-family":"Rubik","font-options":"","google":"1","font-backup":"","font-weight":"400","font-style":"","subsets":"","text-transform":"","font-size":"15px","line-height":"26px","letter-spacing":"","color":"#424141"},"h1_typography":{"font-family":"Poppins","font-options":"","google":"1","font-backup":"","font-weight":"800","font-style":"","subsets":"","text-transform":"","font-size":"36px","line-height":"45px","letter-spacing":"0px","color":"#2c394c"},"h2_typography":{"font-family":"Poppins","font-options":"","google":"1","font-backup":"","font-weight":"800","font-style":"","subsets":"","text-transform":"","font-size":"36px","line-height":"45px","letter-spacing":"","color":"#2c394c"},"h3_typography":{"font-family":"Poppins","font-options":"","google":"1","font-backup":"","font-weight":"700","font-style":"","subsets":"","text-transform":"","font-size":"30px","line-height":"35px","letter-spacing":"","color":"#2c394c"},"h4_typography":{"font-family":"Poppins","font-options":"","google":"1","font-backup":"","font-weight":"700","font-style":"","subsets":"","text-transform":"","font-size":"24px","line-height":"35px","letter-spacing":"","color":"#2c394c"},"h5_typography":{"font-family":"Poppins","font-options":"","google":"1","font-backup":"","font-weight":"700","font-style":"","subsets":"","text-transform":"","font-size":"18px","line-height":"30px","letter-spacing":"0px","color":""},"h6_typography":{"font-family":"Poppins","font-options":"","google":"1","font-backup":"","font-weight":"700","font-style":"","subsets":"","text-transform":"","font-size":"16px","line-height":"27px","letter-spacing":"","color":"#2c394c"},"change_slug_portfolio":"","change_slug_team":"","change_slug_casestudies":"case-studies","preloader_switch":"0","preloader_style":"three-bounce","preloader_background_color":{"color":"#09276f","alpha":"0.97","rgba":"rgba(9,39,111,0.97)"},"preloader_color":{"color":"#ffffff","alpha":"1","rgba":"rgba(255,255,255,1)"},"preloader_timeout":"1000","scroll_to_top_direction":"left","scroll_to_top_background_color":{"color":"","alpha":"1","rgba":""},"header-style":"header-style-nine","header_top_bar_background_color":{"color":"#1d2837","alpha":"1","rgba":"rgba(29,40,55,1)"},"header_cart_display":"1","header_main_background_color":{"color":"#ffffff","alpha":"0.1","rgba":"rgba(255,255,255,0.1)"},"header_main_border_botton_color":{"color":"#ffffff","alpha":"0.1","rgba":"rgba(255,255,255,0.1)"},"header_menu_typography":{"font-family":"","font-options":"","google":"1","font-weight":"400","font-style":"","text-transform":"uppercase","font-size":"13px","line-height":"25px","letter-spacing":"1px","color":"#5b5b5b"},"header_menu_hover_color":"","header_av_bar_background_color":{"color":"#ffffff","alpha":"1","rgba":"rgba(255,255,255,1)"},"header_mobile_menu_displace":"true","header_sticky_choose":"1","header_search_display":"1","header_search_style":"floating-search","header_search_background_color":{"color":"#270d44","alpha":"0.96","rgba":"rgba(39,13,68,0.96)"},"top_bar_email":"info@example.com","top_bar_contact":"Need Help? Talk to an Expert","top_bar_phone":"888-123-4567","header_nine_box_shadow":{"horizontal":"0","vertical":"0","blur":"0","spread":"0","opacity":"0","units":"px","shadow-color":"#050606","shadow-type":"outside","rgba":"rgb(5,6,6)"},"header_nine_header_top_background_color":{"color":"#1d2837","alpha":"1","rgba":"rgba(29,40,55,1)"},"header_nine_header_top_contact_text":"Need Help? Talk to an Expert","header_nine_header_top_contact_phone":"888-123-4567","header_nine_logo":{"url":"https:\/\/themes.radiantthemes.com\/consultix\/demo-ten\/wp-content\/uploads\/2018\/04\/logo.png","id":"9743","height":"43","width":"193","thumbnail":"https:\/\/themes.radiantthemes.com\/consultix\/demo-ten\/wp-content\/uploads\/2018\/04\/logo-150x43.png","title":"logo","caption":"","alt":"","description":""},"header_nine_retina_logo":{"url":"https:\/\/themes.radiantthemes.com\/consultix\/demo-ten\/wp-content\/uploads\/2018\/04\/retina-logo-demo-ten.png","id":"9746","height":"99","width":"447","thumbnail":"https:\/\/themes.radiantthemes.com\/consultix\/demo-ten\/wp-content\/uploads\/2018\/04\/retina-logo-demo-ten-150x99.png","title":"retina-logo-demo-ten","caption":"","alt":"","description":""},"header_nine_header_main_background_color":{"color":"#ffffff","alpha":"0.02","rgba":"rgba(255,255,255,0.02)"},"header_nine_menu_typography":{"font-family":"Rubik","font-options":"","google":"1","font-weight":"400","font-style":"","text-transform":"uppercase","font-size":"13px","line-height":"25px","letter-spacing":"","color":"#4d4d4d"},"header_nine_menu_hover_color":"#11b5e6","header_nine_search_display":"1","header_nine_search_style":"floating-search","header_nine_header_top_social_text":"Follow Us:","header_nine_search_background_color":{"color":"#270d44","alpha":"0.96","rgba":"rgba(39,13,68,0.96)"},"header_nine_mobile_menu_displace":"true","header_nine_callback_button_display":"1","header_nine_callback_button_text":"Schedule Callback","header_nine_callback_button_link":"https:\/\/themes.radiantthemes.com\/consultix\/demo-ten\/contact-us-page-1\/","header_ten_header_top_background_color":{"color":"#1d2837","alpha":"0.4","rgba":"rgba(14,13,13,0.4)"},"header_ten_header_top_contact_email":"E-mail Us: <a href=\"mailto:info@example.com\">info@example.com<\/a>","header_ten_header_top_contact_phone":"Call Us: <a href=\"tel:888-123-4587\">(888) 123-4587<\/a>","header_ten_header_top_social_text":"Stay Connected:","header_ten_header_main_background_color":{"color":"#000000","alpha":"0.01","rgba":"rgba(0,0,0,0.01)"},"header_ten_logo":{"url":"https:\/\/themes.radiantthemes.com\/consultix\/demo-ten\/wp-content\/uploads\/2018\/04\/logo.png","id":"9743","height":"43","width":"193","thumbnail":"https:\/\/themes.radiantthemes.com\/consultix\/demo-ten\/wp-content\/uploads\/2018\/04\/logo-150x43.png","title":"logo","caption":"","alt":"","description":""},"header_ten_retina_logo":{"url":"https:\/\/themes.radiantthemes.com\/consultix\/demo-ten\/wp-content\/uploads\/2018\/04\/retina-logo-demo-ten.png","id":"9746","height":"99","width":"447","thumbnail":"https:\/\/themes.radiantthemes.com\/consultix\/demo-ten\/wp-content\/uploads\/2018\/04\/retina-logo-demo-ten-150x99.png","title":"retina-logo-demo-ten","caption":"","alt":"","description":""},"header_ten_menu_typography":{"font-family":"Lato","font-options":"","google":"1","font-weight":"700","font-style":"","text-transform":"uppercase","font-size":"15px","line-height":"25px","letter-spacing":"","color":"#fff"},"header_ten_menu_hover_color":"#10c0f4","header_ten_search_display":"1","header_ten_search_style":"floating-search","header_ten_search_background_color":{"color":"#270d44","alpha":"0.96","rgba":"rgba(39,13,68,0.96)"},"header_ten_mobile_menu_displace":"true","inner_page_banner_background":{"background-color":"#f6f6f6","background-repeat":"no-repeat","background-size":"cover","background-attachment":"","background-position":"","background-image":"https:\/\/themes.radiantthemes.com\/consultix\/demo-ten\/wp-content\/uploads\/2018\/04\/inner-banner.jpg","media":{"id":"8918","height":"253","width":"1466","thumbnail":"https:\/\/themes.radiantthemes.com\/consultix\/demo-ten\/wp-content\/uploads\/2018\/04\/inner-banner.jpg"}},"inner_page_banner_border_bottom":{"color":"#ffffff","alpha":"0.01","rgba":"rgba(255,255,255,0.01)"},"inner_page_banner_padding":{"padding-top":"170px","padding-bottom":"10px","units":"px"},"inner_page_banner_title_font":{"font-family":"Poppins","font-options":"","google":"1","font-backup":"","font-weight":"800","font-style":"","subsets":"","text-transform":"","font-size":"32px","line-height":"40px","letter-spacing":"0px","color":"#1d2837"},"inner_page_banner_subtitle_font":{"font-family":"Poppins","font-options":"","google":"1","font-backup":"","font-weight":"600","font-style":"","subsets":"","text-transform":"","font-size":"18px","line-height":"26px","letter-spacing":"","color":"#1d2837"},"inner_page_banner_alignment":"left","breadcrumb_arrow_style":"el el-chevron-right","breadcrumb_font":{"font-family":"Rubik","font-options":"","google":"1","font-backup":"","font-weight":"400","font-style":"","subsets":"","text-transform":"uppercase","font-size":"12px","line-height":"18px","letter-spacing":"1px","color":"#363636"},"breadcrumb_padding":{"padding-top":"19px","padding-bottom":"20px","units":"px"},"breadcrumb_alignment":"left","footer-style":"footer-style-three","footer-style-background":{"background-color":"#161616","background-repeat":"no-repeat","background-size":"cover","background-attachment":"","background-position":"right top","background-image":"https:\/\/themes.radiantthemes.com\/consultix\/demo-ten\/wp-content\/uploads\/2018\/04\/footer-1.jpg","media":{"id":"9290","height":"380","width":"1466","thumbnail":"https:\/\/themes.radiantthemes.com\/consultix\/demo-ten\/wp-content\/uploads\/2018\/04\/footer-1-150x150.jpg"}},"footer_navigation_background_color":{"color":"#00174d","alpha":"0.01","rgba":"rgba(0,23,77,0.01)"},"footer_main_background_color":{"color":"","alpha":"","rgba":""},"footer_main_border_bottom":{"color":"#ffffff","alpha":"0.01","rgba":"rgba(255,255,255,0.01)"},"footer_copyright_background_color":{"color":"#263242","alpha":"1","rgba":"rgba(38,50,66,1)"},"footer_copyright_bar":"Consultix Theme \u00a9 All Rights Reserved","footer_contact_address":"123, XYZ Road, Collins Avn., New York","scrollbar_switch":"","scrollbar_color":{"color":"","alpha":"1","rgba":""},"scrollbar_width":{"width":"7px","units":"px"},"button_padding":{"padding-top":"13px","padding-right":"35px","padding-bottom":"13px","padding-left":"35px","units":"px"},"button_background_color":{"color":"#00acdf","alpha":"1","rgba":"rgba(0,172,223,1)"},"button_background_color_hover":{"color":"#1d2837","alpha":"1","rgba":"rgba(29,40,55,1)"},"button_border":{"border-top":"0px","border-right":"0px","border-bottom":"0px","border-left":"0px","border-style":"none","border-color":"#ededed"},"button_hover_border_color":{"border-top":"0px","border-right":"0px","border-bottom":"0px","border-left":"0px","border-style":"none","border-color":"#ffffff"},"border-radius":{"margin-top":"30px","margin-right":"30px","margin-bottom":"30px","margin-left":"30px","units":"px"},"theme_button_box_shadow":{"horizontal":"","vertical":"","blur":"","spread":"","opacity":"","units":"px","shadow-color":"#000000","shadow-type":"outside","rgba":"rgb(0,0,0)"},"button_typography":{"font-family":"Rubik","font-options":"","google":"1","font-weight":"400","font-style":"","text-transform":"uppercase","font-size":"12px","line-height":"23px","letter-spacing":"1px","color":"#ffffff"},"button_typography_hover":"#ffffff","button_typography_icon":{"color":"#ffffff","alpha":"1","rgba":"rgba(255,255,255,1)"},"button_typography_icon_hover":{"color":"#ffffff","alpha":"1","rgba":"rgba(255,255,255,1)"},"contact_form_style_input_height":{"height":"45px","units":"px"},"contact_form_style_textarea_height":{"height":"55px","units":"px"},"contact_form_style_input_padding_focus":{"padding-top":"5px","padding-right":"10px","padding-bottom":"5px","padding-left":"10px","units":"px"},"contact_form_style_input_box_shadow":{"horizontal":"0","vertical":"0","blur":"0","spread":"0","opacity":"0","units":"px","shadow-color":"#000000","shadow-type":"outside","rgba":"rgb(0,0,0)"},"element_accordion_style_one_backgroundcolor":{"color":"#ffffff","alpha":"1","rgba":"rgba(255,255,255,1)"},"element_accordion_style_one_title_fontcolor":{"color":"","alpha":"1","rgba":""},"element_accordion_style_two_icon_backgroundcolor":{"color":"#00174d","alpha":"1","rgba":"rgba(0,23,77,1)"},"element_accordion_style_two_icon_active_backgroundcolor":{"color":"","alpha":"1","rgba":""},"element_accordion_style_three_title_color":{"color":"#2c394c","alpha":"1","rgba":"rgba(44,57,76,1)"},"element_accordion_style_four_active_title_color":{"color":"#2c394c","alpha":"1","rgba":"rgba(44,57,76,1)"},"element_fancytextbox_style_color":{"color":"#1b2533","alpha":"1","rgba":"rgba(27,37,51,1)"},"element_pricingtable_style_one_theme_color":{"color":"#ffdc40","alpha":"1","rgba":"rgba(255,220,64,1)"},"element_pricingtable_style_one_theme_altcolor":{"color":"","alpha":"1","rgba":""},"element_pricingtable_style_one_data_font_color":{"color":"#ffffff","alpha":"1","rgba":"rgba(255,255,255,1)"},"element_pricingtable_style_two_theme_color":{"color":"#e60e46","alpha":"1","rgba":"rgba(230,14,70,1)"},"element_pricingtable_style_two_theme_altcolor":{"color":"","alpha":"1","rgba":""},"element_pricingtable_style_three_theme_color":{"color":"","alpha":"1","rgba":""},"element_portfolio_style_theme_color":{"color":"#0a0a0a","alpha":"0.86","rgba":"rgba(10,10,10,0.86)"},"element_testimonial_style_one_title_color":{"color":"#001a57","alpha":"1","rgba":"rgba(0,26,87,1)"},"element_testimonial_style_one_subtitle_color":{"color":"#ffffff","alpha":"1","rgba":"rgba(255,255,255,1)"},"element_testimonial_style_one_content_background":{"color":"#f2f0ee","alpha":"1","rgba":"rgba(242,240,238,1)"},"element_testimonial_style_one_content_color":{"color":"#b9cbf4","alpha":"1","rgba":"rgba(185,203,244,1)"},"element_testimonial_style_two_title_color":{"color":"#ffffff","alpha":"1","rgba":"rgba(255,255,255,1)"},"element_testimonial_style_two_content_color":{"color":"#d8d4d4","alpha":"1","rgba":"rgba(216,212,212,1)"},"element_testimonial_style_two_social_icon_color":{"color":"#ffffff","alpha":"1","rgba":"rgba(255,255,255,1)"},"element_testimonial_style_three_title_color":{"color":"#ffffff","alpha":"1","rgba":"rgba(255,255,255,1)"},"element_testimonial_style_three_content_color":{"color":"#d8d4d4","alpha":"1","rgba":"rgba(216,212,212,1)"},"element_testimonial_style_three_rating_star_color":{"color":"#ffffff","alpha":"1","rgba":"rgba(255,255,255,1)"},"element_testimonial_style_four_title_color":{"color":"#ffffff","alpha":"1","rgba":"rgba(255,255,255,1)"},"element_testimonial_style_four_content_background":{"color":"#000000","alpha":"0.01","rgba":"rgba(0,0,0,0.01)"},"element_testimonial_style_four_content_color":{"color":"#d8d4d4","alpha":"1","rgba":"rgba(216,212,212,1)"},"element_testimonial_style_four_rating_star_color":{"color":"#ffffff","alpha":"1","rgba":"rgba(255,255,255,1)"},"element_testimonial_style_five_title_color":{"color":"#ffffff","alpha":"1","rgba":"rgba(255,255,255,1)"},"element_testimonial_style_five_subtitle_color":{"color":"#001a57","alpha":"1","rgba":"rgba(0,26,87,1)"},"element_testimonial_style_five_content_background":{"color":"#584835","alpha":"1","rgba":"rgba(88,72,53,1)"},"element_testimonial_style_five_content_color":{"color":"#ffffff","alpha":"1","rgba":"rgba(255,255,255,1)"},"element_testimonial_style_six_title_color":{"color":"#001a57","alpha":"1","rgba":"rgba(0,26,87,1)"},"element_testimonial_style_six_content_color":{"color":"#222222","alpha":"1","rgba":"rgba(34,34,34,1)"},"element_testimonial_style_seven_title_color":{"color":"#ffffff","alpha":"1","rgba":"rgba(255,255,255,1)"},"element_testimonial_style_seven_subtitle_color":{"color":"#001a57","alpha":"1","rgba":"rgba(0,26,87,1)"},"element_testimonial_style_seven_content_color":{"color":"#ffffff","alpha":"1","rgba":"rgba(255,255,255,1)"},"element_testimonial_style_seven_rating_star_color":{"color":"#001a57","alpha":"1","rgba":"rgba(0,26,87,1)"},"element_testimonial_style_eight_title_color":{"color":"#001a57","alpha":"1","rgba":"rgba(0,26,87,1)"},"element_testimonial_style_eight_subtitle_color":{"color":"#0f5c84","alpha":"1","rgba":"rgba(15,92,132,1)"},"element_testimonial_style_eight_content_background":{"color":"#000000","alpha":"0.04","rgba":"rgba(0,0,0,0.04)"},"element_testimonial_style_eight_content_color":{"color":"#222222","alpha":"1","rgba":"rgba(34,34,34,1)"},"element_testimonial_style_nine_title_color":{"color":"#001a57","alpha":"1","rgba":"rgba(0,26,87,1)"},"element_testimonial_style_nine_subtitle_color":{"color":"#0f5c84","alpha":"1","rgba":"rgba(15,92,132,1)"},"element_testimonial_style_nine_content_background":{"color":"#000000","alpha":"0.02","rgba":"rgba(0,0,0,0.02)"},"element_testimonial_style_nine_content_color":{"color":"#222222","alpha":"1","rgba":"rgba(34,34,34,1)"},"element_testimonial_style_ten_title_color":{"color":"#161616","alpha":"1","rgba":"rgba(22,22,22,1)"},"element_testimonial_style_ten_subtitle_color":{"color":"#ffffff","alpha":"1","rgba":"rgba(255,255,255,1)"},"element_testimonial_style_ten_separator_color":{"color":"#ffffff","alpha":"1","rgba":"rgba(255,255,255,1)"},"element_testimonial_style_ten_content_color":{"color":"#161616","alpha":"1","rgba":"rgba(22,22,22,1)"},"element_loan_calculator_style_theme_color":{"color":"#00acdf","alpha":"1","rgba":"rgba(0,172,223,1)"},"error_custom_background_switch":"1","error_custom_background_property":{"background-color":"#0c0c0c","background-repeat":"no-repeat","background-size":"cover","background-attachment":"inherit","background-position":"","background-image":"https:\/\/themes.radiantthemes.com\/consultix\/demo-ten\/wp-content\/uploads\/2018\/04\/404-Background-Dark.png","media":{"id":"9736","height":"1080","width":"1920","thumbnail":"https:\/\/themes.radiantthemes.com\/consultix\/demo-ten\/wp-content\/uploads\/2018\/04\/404-Background-Dark-150x150.png"}},"error_custom_background_style":"style-two","error_custom_content_padding":{"padding-top":"180px","padding-bottom":"250px","units":"px"},"error_custom_content_body":"<p style=\"text-align: center;\"><img class=\"alignnone size-medium wp-image-2674\" src=\"https:\/\/themes.radiantthemes.com\/consultix\/demo-ten\/wp-content\/uploads\/2018\/04\/404-light-3.png\" alt=\"404\" width=\"300\" height=\"202\" \/><\/p>\r\n\r\n<h1 style=\"text-align: center;\"><span style=\"color: #ffffff;\">PAGE NOT FOUND<\/span><\/h1>\r\n<h2 style=\"text-align: center;\"><span style=\"color: #ffffff;\">We\u2019re sorry, the page you have looked for does not exist in our database!<\/span>\r\n<span style=\"color: #ffffff;\"> Maybe go to our<\/span><\/h2>\r\n<div class=\"clearfix\" style=\"text-align: center;\"><\/div>\r\n<p style=\"text-align: center;\"><a class=\"btn\" href=\"https:\/\/themes.radiantthemes.com\/consultix\/demo-ten\/\">Home<\/a><\/p>","maintenance_mode_switch":"0","maintenance_mode_background_property":{"background-color":"#0c0c0c","background-repeat":"no-repeat","background-size":"cover","background-attachment":"inherit","background-position":"","background-image":"","media":{"id":"","height":"","width":"","thumbnail":""}},"maintenance_mode_content_body":"<img class=\"alignnone size-full wp-image-1276\" src=\"https:\/\/themes.radiantthemes.com\/consultix\/demo-ten\/wp-content\/uploads\/2018\/04\/footer-logo.png\" alt=\"Logo\" width=\"160\" height=\"53\" \/>\r\n<h1>Maintenance Mode<\/h1>\r\n<h2>Our website is going under maintenance. We will be back very soon!.<\/h2>\r\nYou can also upload custom background image from admin option. Progress Bar color also can be changed from admin option.","maintenance_mode_progressbar_switch":"1","maintenance_mode_progressbar_width":"40","maintenance_mode_progressbar_height":{"height":"20px","units":"px"},"coming_soon_switch":"0","coming_soon_custom_background_style":"style-two","coming_soon_background_property":{"background-color":"#0c0c0c","background-repeat":"no-repeat","background-size":"cover","background-attachment":"inherit","background-position":"","background-image":"https:\/\/themes.radiantthemes.com\/consultix\/demo-ten\/wp-content\/uploads\/2018\/04\/Coming-soon-01-bg.jpg","media":{"id":"7309","height":"1080","width":"1920","thumbnail":"https:\/\/themes.radiantthemes.com\/consultix\/demo-ten\/wp-content\/uploads\/2018\/02\/404-back.jpg"}},"coming_soon_body":"<img class=\"alignnone size-full wp-image-1276\" src=\"https:\/\/themes.radiantthemes.com\/consultix\/demo-ten\/wp-content\/uploads\/2018\/04\/footer-logo.png\" alt=\"Logo\" width=\"281\" height=\"89\" \/>\r\n<h1>The Site will be Launching shortly... Perfect and awesome template to present your future product or service. Hooking audience attention is all in the opener.<\/h1>","coming_soon_datetime":"2018-05-24 12:00","search_page_banner_image":{"url":"https:\/\/themes.radiantthemes.com\/consultix\/demo-ten\/wp-content\/uploads\/2018\/04\/inner-banner.jpg","id":"8918","height":"253","width":"1466","thumbnail":"https:\/\/themes.radiantthemes.com\/consultix\/demo-ten\/wp-content\/uploads\/2018\/04\/inner-banner.jpg","title":"inner-banner","caption":"","alt":"Banner","description":""},"search_page_banner_title":"Search","events_banner_details":"banner-breadcumbs","event_banner_image":{"url":"https:\/\/themes.radiantthemes.com\/consultix\/demo-ten\/wp-content\/uploads\/2018\/04\/inner-banner.jpg","id":"8918","height":"253","width":"1466","thumbnail":"https:\/\/themes.radiantthemes.com\/consultix\/demo-ten\/wp-content\/uploads\/2018\/04\/inner-banner.jpg","title":"inner-banner","caption":"","alt":"Banner","description":""},"event_banner_title":"Events","blog-style":"one","blog-layout":"leftsidebar","blog_comment_display":"1","shop-style":"shop-two","shop-sidebar":"shop-nosidebar","shop_box_style":"style-two","shop-details-sidebar":"shop-details-nosidebar","social-icon-target":"1","social-icon-googleplus":"https:\/\/plus.google.com","social-icon-facebook":"https:\/\/facebook.com","social-icon-twitter":"https:\/\/twitter.com","social-icon-vimeo":"https:\/\/vimeo.com","social-icon-youtube":"","social-icon-flickr":"","social-icon-linkedin":"","social-icon-pinterest":"","social-icon-xing":"","social-icon-viadeo":"","social-icon-vkontakte":"","social-icon-tripadvisor":"","social-icon-tumblr":"","social-icon-behance":"","social-icon-instagram":"","social-icon-dribbble":"","social-icon-skype":"","redux-backup":"1"}