{"title":"Style 1","container_background_from":"rgba(255, 255, 255, 0)","container_background_to":"rgba(255, 255, 255, 0)","menu_item_background_hover_from":"rgba(255, 255, 255, 0)","menu_item_background_hover_to":"rgba(255, 255, 255, 0)","menu_item_spacing":"40px","menu_item_link_font_size":"16px","menu_item_link_height":"auto","menu_item_link_color":"rgb(255, 255, 255)","menu_item_link_weight":"inherit","menu_item_link_text_align":"center","menu_item_link_color_hover":"rgb(255, 188, 19)","menu_item_link_weight_hover":"inherit","menu_item_link_padding_left":"0px","menu_item_link_padding_right":"0px","menu_item_link_padding_top":"15px","menu_item_link_padding_bottom":"15px","menu_item_border_color":"rgba(255, 255, 255, 0)","menu_item_border_color_hover":"rgba(255, 255, 255, 0)","panel_background_from":"rgba(255, 255, 255, 0.98)","panel_background_to":"rgba(255, 255, 255, 0.98)","panel_border_color":"rgba(255, 255, 255, 0)","panel_header_color":"rgb(255, 188, 19)","panel_header_font_size":"14px","panel_header_padding_top":"11px","panel_header_padding_right":"25px","panel_header_padding_bottom":"13px","panel_header_padding_left":"25px","panel_header_border_color":"rgb(227, 227, 227)","panel_header_border_bottom":"1px","panel_widget_padding_left":"0px","panel_widget_padding_right":"0px","panel_widget_padding_top":"0px","panel_widget_padding_bottom":"0px","panel_font_size":"16px","panel_font_color":"rgb(123, 123, 123)","panel_font_family":"inherit","panel_second_level_font_color":"rgb(123, 123, 123)","panel_second_level_font_color_hover":"rgb(255, 188, 19)","panel_second_level_text_transform":"none","panel_second_level_font":"inherit","panel_second_level_font_size":"16px","panel_second_level_font_weight":"inherit","panel_second_level_font_weight_hover":"inherit","panel_second_level_text_decoration":"none","panel_second_level_text_decoration_hover":"none","panel_second_level_border_color":"rgba(255, 255, 255, 0)","panel_third_level_font_color":"rgb(70, 70, 70)","panel_third_level_font_color_hover":"rgb(255, 188, 19)","panel_third_level_font":"inherit","panel_third_level_font_size":"16px","panel_third_level_font_weight_hover":"inherit","flyout_width":"220px","flyout_menu_background_from":"rgba(255, 255, 255, 0.98)","flyout_menu_background_to":"rgba(255, 255, 255, 0.98)","flyout_border_color":"rgba(255, 255, 255, 0)","flyout_padding_top":"8px","flyout_padding_bottom":"9px","flyout_link_padding_left":"15px","flyout_link_padding_right":"15px","flyout_link_padding_top":"7px","flyout_link_padding_bottom":"7px","flyout_link_weight":"inherit","flyout_link_weight_hover":"inherit","flyout_link_height":"auto","flyout_background_from":"rgba(255, 255, 255, 0)","flyout_background_to":"rgba(255, 255, 255, 0)","flyout_background_hover_from":"rgba(255, 255, 255, 0)","flyout_background_hover_to":"rgba(255, 255, 255, 0)","flyout_link_size":"15px","flyout_link_color":"rgb(37, 37, 37)","flyout_link_color_hover":"rgb(255, 188, 19)","flyout_link_family":"inherit","responsive_breakpoint":"767px","line_height":"24px","z_index":"1","shadow":"on","shadow_vertical":"3px","shadow_blur":"10px","shadow_color":"rgba(0, 0, 0, 0.2)","transitions":"on","mobile_columns":"1","toggle_background_from":"rgba(255, 255, 255, 0)","toggle_background_to":"rgba(255, 255, 255, 0)","toggle_font_color":"rgb(255, 255, 255)","mobile_background_from":"rgba(255, 255, 255, 0)","mobile_background_to":"rgba(255, 255, 255, 0)","mobile_menu_item_link_font_size":"14px","mobile_menu_item_link_color":"#ffffff","mobile_menu_item_link_text_align":"left","custom_css":"\/** Push menu onto new line **\/ \r\n#{$wrap} { \r\n    clear: both; \r\n}"}