{"last_tab":"1","color_scheme":"color-scheme-pink","radiant_body_background":{"background-color":"#FFFFFF","background-repeat":"","background-size":"","background-attachment":"","background-position":"","background-image":"","media":{"id":"","height":"","width":"","thumbnail":""}},"opt-logo-media":{"url":"https:\/\/themes.radiantthemes.com\/consultix\/demo-three\/wp-content\/uploads\/2018\/02\/Pink-Top-Logo.png","id":"5011","height":"45","width":"186","thumbnail":"https:\/\/themes.radiantthemes.com\/consultix\/demo-three\/wp-content\/uploads\/2018\/02\/Pink-Top-Logo-150x45.png","title":"Pink-Top-Logo","caption":"","alt":"Pink-Top-Logo","description":""},"opt-retina-logo-media":{"url":"https:\/\/themes.radiantthemes.com\/consultix\/demo-three\/wp-content\/uploads\/2018\/03\/Consultix-Logo-L-pink.png","id":"6673","height":"90","width":"372","thumbnail":"https:\/\/themes.radiantthemes.com\/consultix\/demo-three\/wp-content\/uploads\/2018\/03\/Consultix-Logo-L-pink-150x90.png","title":"Consultix-Logo-L-pink","caption":"","alt":"","description":""},"favicon":{"url":"https:\/\/themes.radiantthemes.com\/consultix\/demo-three\/wp-content\/uploads\/2018\/01\/favicon.ico","id":"3802","height":"","width":"","thumbnail":"https:\/\/themes.radiantthemes.com\/consultix\/demo-three\/wp-content\/uploads\/2018\/01\/favicon.ico","title":"","caption":"","alt":"","description":""},"apple-icon":{"url":"https:\/\/themes.radiantthemes.com\/consultix\/demo-three\/wp-content\/uploads\/2018\/01\/Pink-180.png","id":"3803","height":"180","width":"180","thumbnail":"https:\/\/themes.radiantthemes.com\/consultix\/demo-three\/wp-content\/uploads\/2018\/01\/Pink-180-150x150.png","title":"","caption":"","alt":"","description":""},"general_typography":{"font-family":"Rubik","font-options":"","google":"1","font-backup":"","font-weight":"400","font-style":"","subsets":"","text-transform":"","font-size":"15px","line-height":"25px","letter-spacing":"","color":"#424242"},"h1_typography":{"font-family":"Poppins","font-options":"","google":"1","font-backup":"","font-weight":"800","font-style":"","subsets":"","text-transform":"","font-size":"43px","line-height":"50px","letter-spacing":"","color":"#333333"},"h2_typography":{"font-family":"Poppins","font-options":"","google":"1","font-backup":"","font-weight":"800","font-style":"","subsets":"","text-transform":"","font-size":"43px","line-height":"45px","letter-spacing":"","color":"#323232"},"h3_typography":{"font-family":"Poppins","font-options":"","google":"1","font-backup":"","font-weight":"700","font-style":"","subsets":"","text-transform":"","font-size":"30px","line-height":"35px","letter-spacing":"","color":"#323232"},"h4_typography":{"font-family":"Poppins","font-options":"","google":"1","font-backup":"","font-weight":"700","font-style":"","subsets":"","text-transform":"","font-size":"18px","line-height":"30px","letter-spacing":"","color":"#323232"},"h5_typography":{"font-family":"Poppins","font-options":"","google":"1","font-backup":"","font-weight":"700","font-style":"","subsets":"","text-transform":"capitalize","font-size":"20px","line-height":"30px","letter-spacing":"","color":""},"h6_typography":{"font-family":"Poppins","font-options":"","google":"1","font-backup":"","font-weight":"700","font-style":"","subsets":"","text-transform":"","font-size":"16px","line-height":"27px","letter-spacing":"","color":"#2d2d2d"},"change_slug_portfolio":"","change_slug_team":"","preloader_switch":"0","preloader_style":"folding-cube","preloader_background_color":{"color":"#1f1f1f","alpha":"0.95","rgba":"rgba(31,31,31,0.95)"},"preloader_color":{"color":"#e7174d","alpha":"1","rgba":"rgba(231,23,77,1)"},"preloader_timeout":"500","scroll_to_top_direction":"left","scroll_to_top_background_color":{"color":"","alpha":"1","rgba":""},"header-style":"header-style-one","header_top_bar_background_color":{"color":"#2d2d2d","alpha":"1","rgba":"rgba(45,45,45,1)"},"header_cart_display":"1","header_main_background_color":{"color":"#ffffff","alpha":"1","rgba":"rgba(255,255,255,1)"},"header_main_border_botton_color":{"color":"#fff","alpha":"0.5","rgba":"rgba(255,255,255,0.5)"},"header_menu_typography":{"font-family":"Work Sans","font-options":"","google":"1","font-weight":"500","font-style":"","text-transform":"","font-size":"16px","line-height":"25px","letter-spacing":"-0.3px","color":"#252525"},"header_menu_hover_color":"","header_style_three_menu_typography":{"font-family":"Work Sans","font-options":"","google":"1","font-weight":"400","font-style":"","text-transform":"","font-size":"15px","line-height":"26px","letter-spacing":"0.5px","color":"#fff"},"display_header_style_three_header_main_address":"1","header_style_three_header_main_address_text":"Our Location","header_style_three_header_main_address":"Ashland Ave Chicago IL 60608","display_header_style_three_header_main_meeting_time":"1","header_style_three_header_main_meeting_time_text":"Meeting Time","header_style_three_header_main_meeting_time":"Mon-Fri 09:00 - 17:00","header_style_three_header_main_callback_button":"1","header_style_three_header_main_callback_button_text":"Schedule a Callback","header_style_three_header_main_callback_button_link":"https:\/\/wordpresstheme.net\/developer\/radiant\/","header_style_three_header_main_callback_button_typography":{"font-family":"Work Sans","font-options":"","google":"1","font-weight":"400","font-style":"","text-transform":"","font-size":"16px","line-height":"25px","letter-spacing":"","color":"#fff"},"header_style_three_header_main_callback_button_typography_hover":"#00174d","header_style_three_header_main_callback_button_background_color":{"background-color":"#1e459e"},"header_style_three_header_main_callback_button_background_hover_color":{"background-color":"#fde428"},"header_style_three_header_main_callback_button_border":{"border-top":"1px","border-right":"1px","border-bottom":"1px","border-left":"1px","border-style":"solid","border-color":"#092055"},"header_style_three_header_main_callback_button_hover_border_color":{"border-top":"1px","border-right":"1px","border-bottom":"1px","border-left":"1px","border-style":"solid","border-color":"#fde428"},"header_av_bar_background_color":{"color":"#ffffff","alpha":"1","rgba":"rgba(255,255,255,1)"},"header_mobile_menu_displace":"true","header_sticky_choose":"1","header_search_display":"1","header_search_style":"floating-search","header_search_background_color":{"color":"#270d44","alpha":"0.96","rgba":"rgba(39,13,68,0.96)"},"top_bar_email":"info@example.com","top_bar_contact":"Need Help? Talk to an Expert","top_bar_phone":"(888) 123-4567","header_nine_box_shadow":{"horizontal":"0","vertical":"0","blur":"27px","spread":"0","opacity":"0.22","units":"px","shadow-color":"#050606","shadow-type":"outside","rgba":"rgba(5,6,6,0.22)"},"header_nine_header_top_background_color":{"color":"#001a57","alpha":"1","rgba":"rgba(0,26,87,1)"},"header_nine_header_top_contact_text":"Need Help? Talk to an Expert","header_nine_header_top_contact_phone":"888-123-4567","header_nine_logo":{"url":"","id":"","height":"","width":"","thumbnail":"","title":"","caption":"","alt":"","description":""},"header_nine_retina_logo":{"url":"","id":"","height":"","width":"","thumbnail":"","title":"","caption":"","alt":"","description":""},"header_nine_header_main_background_color":{"color":"#ffffff","alpha":"1","rgba":"rgba(255,255,255,1)"},"header_nine_menu_typography":{"font-family":"Rubik","font-options":"","google":"1","font-weight":"400","font-style":"","text-transform":"uppercase","font-size":"13px","line-height":"25px","letter-spacing":"","color":"#4d4d4d"},"header_nine_menu_hover_color":"#08276e","header_nine_search_display":"1","header_nine_search_style":"floating-search","header_nine_search_background_color":{"color":"#270d44","alpha":"0.96","rgba":"rgba(39,13,68,0.96)"},"header_nine_mobile_menu_displace":"true","header_ten_header_top_background_color":{"color":"#0e0d0d","alpha":"0.4","rgba":"rgba(14,13,13,0.4)"},"header_ten_header_top_contact_email":"E-mail Us: <a href=\"mailto:info@example.com\">info@example.com<\/a>","header_ten_header_top_contact_phone":"Call Us: <a href=\"tel:888-123-4587\">(888) 123-4587<\/a>","header_ten_header_top_social_text":"Stay Connected:","header_ten_header_main_background_color":{"color":"#000000","alpha":"0.01","rgba":"rgba(0,0,0,0.01)"},"header_ten_logo":{"url":"","id":"","height":"","width":"","thumbnail":"","title":"","caption":"","alt":"","description":""},"header_ten_retina_logo":{"url":"","id":"","height":"","width":"","thumbnail":"","title":"","caption":"","alt":"","description":""},"header_ten_menu_typography":{"font-family":"Lato","font-options":"","google":"1","font-weight":"700","font-style":"","text-transform":"uppercase","font-size":"15px","line-height":"25px","letter-spacing":"","color":"#fff"},"header_ten_menu_hover_color":"#08276e","header_ten_search_display":"1","header_ten_search_style":"floating-search","header_ten_search_background_color":{"color":"#270d44","alpha":"0.96","rgba":"rgba(39,13,68,0.96)"},"header_ten_mobile_menu_displace":"true","inner_page_banner_background":{"background-color":"","background-repeat":"no-repeat","background-size":"cover","background-attachment":"inherit","background-position":"","background-image":"https:\/\/themes.radiantthemes.com\/consultix\/demo-three\/wp-content\/uploads\/2018\/02\/Inner-Banner-Background-Image.png","media":{"id":"5004","height":"127","width":"1600","thumbnail":"https:\/\/themes.radiantthemes.com\/consultix\/demo-three\/wp-content\/uploads\/2018\/02\/Inner-Banner-Background-Image-150x127.png"}},"inner_page_banner_border_bottom":{"color":"#ffffff","alpha":"0.01","rgba":"rgba(255,255,255,0.01)"},"inner_page_banner_padding":{"padding-top":"38px","padding-bottom":"5px","units":"px"},"inner_page_banner_title_font":{"font-family":"Poppins","font-options":"","google":"1","font-backup":"","font-weight":"800","font-style":"","subsets":"","text-transform":"","font-size":"32px","line-height":"40px","letter-spacing":"0px","color":"#2d2d2d"},"inner_page_banner_subtitle_font":{"font-family":"Montserrat","font-options":"","google":"1","font-backup":"","font-weight":"600","font-style":"","subsets":"","text-transform":"","font-size":"18px","line-height":"26px","letter-spacing":"","color":"#282828"},"inner_page_banner_alignment":"left","breadcrumb_arrow_style":"el el-caret-right","breadcrumb_font":{"font-family":"Poppins","font-options":"","google":"1","font-backup":"","font-weight":"400","font-style":"","subsets":"","text-transform":"uppercase","font-size":"13px","line-height":"22px","letter-spacing":"1px","color":"#888888"},"breadcrumb_padding":{"padding-top":"0","padding-bottom":"10px","units":"px"},"breadcrumb_alignment":"left","footer-style":"footer-style-seven","footer-style-background":{"background-color":"#242424","background-repeat":"","background-size":"","background-attachment":"","background-position":"","background-image":"","media":{"id":"","height":"","width":"","thumbnail":""}},"footer_navigation_background_color":{"color":"#00174d","alpha":"0.01","rgba":"rgba(0,23,77,0.01)"},"footer_main_background_color":{"color":"","alpha":"","rgba":""},"footer_main_border_bottom":{"color":"#fff","alpha":"0.01","rgba":"rgba(255,255,255,0.01)"},"footer_copyright_background_color":{"color":"","alpha":"","rgba":""},"footer_copyright_bar":"Radiant Themes \u00a9 2018","footer_contact_address":"123, XYZ Road, Collins Avn., New York","scrollbar_switch":"","scrollbar_color":{"color":"#e7174d","alpha":"1","rgba":"rgba(231,23,77,1)"},"scrollbar_width":{"width":"7px","units":"px"},"button_padding":{"padding-top":"10px","padding-right":"30px","padding-bottom":"10px","padding-left":"30px","units":"px"},"button_background_color":{"color":"#e7174d","alpha":"1","rgba":"rgba(231,23,77,1)"},"button_background_color_hover":{"color":"#181818","alpha":"1","rgba":"rgba(24,24,24,1)"},"button_border":{"border-top":"0px","border-right":"0px","border-bottom":"0px","border-left":"0px","border-style":"solid","border-color":"#ffffff"},"button_hover_border_color":{"border-top":"0px","border-right":"0px","border-bottom":"0px","border-left":"0px","border-style":"solid","border-color":"#ffffff"},"border-radius":{"margin-top":"50px","margin-right":"50px","margin-bottom":"50px","margin-left":"50px","units":"px"},"theme_button_box_shadow":{"horizontal":"","vertical":"","blur":"","spread":"","opacity":"","units":"px","shadow-color":"#000000","shadow-type":"outside","rgba":"rgb(0,0,0)"},"button_typography":{"font-family":"Rubik","font-options":"","google":"1","font-weight":"500","font-style":"","text-transform":"uppercase","font-size":"12px","line-height":"25px","letter-spacing":"1px","color":"#ffffff"},"button_typography_hover":"","button_typography_icon":{"color":"#ffffff","alpha":"1","rgba":"rgba(255,255,255,1)"},"button_typography_icon_hover":{"color":"#ffffff","alpha":"1","rgba":"rgba(255,255,255,1)"},"contact_form_style_input_height":{"height":"45px","units":"px"},"contact_form_style_textarea_height":{"height":"100px","units":"px"},"contact_form_style_input_padding_focus":{"padding-top":"5px","padding-right":"10px","padding-bottom":"5px","padding-left":"10px","units":"px"},"contact_form_style_input_box_shadow":{"horizontal":"","vertical":"","blur":"","spread":"","opacity":"","units":"px","shadow-color":"#000000","shadow-type":"outside","rgba":"rgb(0,0,0)"},"element_accordion_style_one_backgroundcolor":{"color":"#ffffff","alpha":"1","rgba":"rgba(255,255,255,1)"},"element_accordion_style_one_title_fontcolor":{"color":"","alpha":"1","rgba":""},"element_accordion_style_two_icon_backgroundcolor":{"color":"","alpha":"","rgba":""},"element_accordion_style_two_icon_active_backgroundcolor":{"color":"","alpha":"1","rgba":""},"element_accordion_style_three_title_color":{"color":"#323232","alpha":"1","rgba":"rgba(50,50,50,1)"},"element_accordion_style_four_active_title_color":{"color":"#e7174d","alpha":"1","rgba":"rgba(231,23,77,1)"},"element_fancytextbox_style_color":{"color":"#2d2d2d","alpha":"1","rgba":"rgba(45,45,45,1)"},"element_pricingtable_style_one_theme_color":{"color":"#e7174d","alpha":"1","rgba":"rgba(231,23,77,1)"},"element_pricingtable_style_one_theme_altcolor":{"color":"","alpha":"1","rgba":""},"element_pricingtable_style_one_data_font_color":{"color":"#ffffff","alpha":"1","rgba":"rgba(255,255,255,1)"},"element_pricingtable_style_two_theme_color":{"color":"#e60e46","alpha":"1","rgba":"rgba(230,14,70,1)"},"element_pricingtable_style_two_theme_altcolor":{"color":"","alpha":"1","rgba":""},"element_pricingtable_style_three_theme_color":{"color":"#e7174d","alpha":"1","rgba":"rgba(231,23,77,1)"},"element_portfolio_style_theme_color":{"color":"#302a2c","alpha":"0.31","rgba":"rgba(48,42,44,0.31)"},"element_testimonial_style_one_title_color":{"color":"#ffffff","alpha":"1","rgba":"rgba(255,255,255,1)"},"element_testimonial_style_one_subtitle_color":{"color":"#ffffff","alpha":"1","rgba":"rgba(255,255,255,1)"},"element_testimonial_style_one_content_background":{"color":"#f2f0ee","alpha":"1","rgba":"rgba(242,240,238,1)"},"element_testimonial_style_one_content_color":{"color":"#ffffff","alpha":"1","rgba":"rgba(255,255,255,1)"},"element_testimonial_style_two_title_color":{"color":"#ffffff","alpha":"1","rgba":"rgba(255,255,255,1)"},"element_testimonial_style_two_content_color":{"color":"#ffffff","alpha":"1","rgba":"rgba(255,255,255,1)"},"element_testimonial_style_two_social_icon_color":{"color":"#ffffff","alpha":"1","rgba":"rgba(255,255,255,1)"},"element_testimonial_style_three_title_color":{"color":"#ffffff","alpha":"1","rgba":"rgba(255,255,255,1)"},"element_testimonial_style_three_content_color":{"color":"#d8d4d4","alpha":"1","rgba":"rgba(216,212,212,1)"},"element_testimonial_style_three_rating_star_color":{"color":"#ffffff","alpha":"1","rgba":"rgba(255,255,255,1)"},"element_testimonial_style_four_title_color":{"color":"#ffffff","alpha":"1","rgba":"rgba(255,255,255,1)"},"element_testimonial_style_four_content_background":{"color":"#000000","alpha":"0.01","rgba":"rgba(0,0,0,0.01)"},"element_testimonial_style_four_content_color":{"color":"#d8d4d4","alpha":"1","rgba":"rgba(216,212,212,1)"},"element_testimonial_style_four_rating_star_color":{"color":"#ffffff","alpha":"1","rgba":"rgba(255,255,255,1)"},"element_testimonial_style_five_title_color":{"color":"#ffffff","alpha":"1","rgba":"rgba(255,255,255,1)"},"element_testimonial_style_five_subtitle_color":{"color":"#d38932","alpha":"1","rgba":"rgba(211,137,50,1)"},"element_testimonial_style_five_content_background":{"color":"#584835","alpha":"1","rgba":"rgba(88,72,53,1)"},"element_testimonial_style_five_content_color":{"color":"#ffffff","alpha":"1","rgba":"rgba(255,255,255,1)"},"element_testimonial_style_six_title_color":{"color":"#f19f00","alpha":"1","rgba":"rgba(241,159,0,1)"},"element_testimonial_style_six_content_color":{"color":"#222222","alpha":"1","rgba":"rgba(34,34,34,1)"},"element_testimonial_style_seven_title_color":{"color":"#ffffff","alpha":"1","rgba":"rgba(255,255,255,1)"},"element_testimonial_style_seven_subtitle_color":{"color":"#fc8e0c","alpha":"1","rgba":"rgba(252,142,12,1)"},"element_testimonial_style_seven_content_color":{"color":"#ffffff","alpha":"1","rgba":"rgba(255,255,255,1)"},"element_testimonial_style_seven_rating_star_color":{"color":"#fc8e0c","alpha":"1","rgba":"rgba(252,142,12,1)"},"element_testimonial_style_eight_title_color":{"color":"#001a57","alpha":"1","rgba":"rgba(0,26,87,1)"},"element_testimonial_style_eight_subtitle_color":{"color":"#0f5c84","alpha":"1","rgba":"rgba(15,92,132,1)"},"element_testimonial_style_eight_content_background":{"color":"#000000","alpha":"0.04","rgba":"rgba(0,0,0,0.04)"},"element_testimonial_style_eight_content_color":{"color":"#222222","alpha":"1","rgba":"rgba(34,34,34,1)"},"element_testimonial_style_nine_title_color":{"color":"#001a57","alpha":"1","rgba":"rgba(0,26,87,1)"},"element_testimonial_style_nine_subtitle_color":{"color":"#0f5c84","alpha":"1","rgba":"rgba(15,92,132,1)"},"element_testimonial_style_nine_content_background":{"color":"#000000","alpha":"0.02","rgba":"rgba(0,0,0,0.02)"},"element_testimonial_style_nine_content_color":{"color":"#222222","alpha":"1","rgba":"rgba(34,34,34,1)"},"element_testimonial_style_ten_title_color":{"color":"#ffffff","alpha":"1","rgba":"rgba(255,255,255,1)"},"element_testimonial_style_ten_subtitle_color":{"color":"#ffffff","alpha":"1","rgba":"rgba(255,255,255,1)"},"element_testimonial_style_ten_separator_color":{"color":"#ffffff","alpha":"1","rgba":"rgba(255,255,255,1)"},"element_testimonial_style_ten_content_color":{"color":"#ffffff","alpha":"1","rgba":"rgba(255,255,255,1)"},"element_loan_calculator_style_theme_color":{"color":"#e7174d","alpha":"1","rgba":"rgba(231,23,77,1)"},"error_custom_background_switch":"0","error_custom_background_property":{"background-color":"#0c0c0c","background-repeat":"no-repeat","background-size":"cover","background-attachment":"inherit","background-position":"","background-image":"https:\/\/themes.radiantthemes.com\/consultix\/demo-three\/wp-content\/uploads\/2018\/02\/404-back.jpg","media":{"id":"6576","height":"1080","width":"1920","thumbnail":"https:\/\/themes.radiantthemes.com\/consultix\/demo-three\/wp-content\/uploads\/2018\/02\/404-back-150x150.jpg"}},"error_custom_background_style":"style-one","error_custom_content_padding":{"padding-top":"180px","padding-bottom":"250px","units":"px"},"error_custom_content_body":"<img class=\"alignnone size-medium wp-image-2674\" src=\"https:\/\/themes.radiantthemes.com\/consultix\/demo-three\/wp-content\/uploads\/2017\/12\/404-pink.png\" alt=\"404\" width=\"300\" height=\"202\" \/>\r\n<h1>PAGE NOT FOUND<\/h1>\r\n<h2>We\u2019re sorry, the page you have looked for does not exist in our database!\r\nMaybe go to our<\/h2>\r\n<div class=\"clearfix\"><\/div>\r\n<a class=\"btn\" href=\"https:\/\/themes.radiantthemes.com\/consultix\/demo-three\/\">Home<\/a>","maintenance_mode_switch":"0","maintenance_mode_background_property":{"background-color":"#0c0c0c","background-repeat":"no-repeat","background-size":"cover","background-attachment":"inherit","background-position":"","background-image":"","media":{"id":"","height":"","width":"","thumbnail":""}},"maintenance_mode_content_body":"<img class=\"alignnone size-full wp-image-1276\" src=\"https:\/\/themes.radiantthemes.com\/consultix\/demo-three\/wp-content\/uploads\/2018\/02\/Pink-Light.png\" alt=\"Logo\" width=\"160\" height=\"53\" \/>\r\n<h1>Maintenance Mode<\/h1>\r\n<h2>Our website is going under maintenance. We will be back very soon!.<\/h2>\r\nYou can also upload custom background image from admin option. Progress Bar color also can be changed from admin option.","maintenance_mode_progressbar_switch":"1","maintenance_mode_progressbar_width":"40","maintenance_mode_progressbar_height":{"height":"20px","units":"px"},"coming_soon_switch":"0","coming_soon_custom_background_style":"style-one","coming_soon_background_property":{"background-color":"#0c0c0c","background-repeat":"no-repeat","background-size":"cover","background-attachment":"inherit","background-position":"","background-image":"https:\/\/themes.radiantthemes.com\/consultix\/demo-three\/wp-content\/themes\/consultix\/images\/Coming-Soon-Background.png","media":{"id":"3513","height":"518","width":"1600","thumbnail":"https:\/\/themes.radiantthemes.com\/consultix\/demo-three\/wp-content\/uploads\/2017\/12\/video-150x150.jpg"}},"coming_soon_body":"<img class=\"alignnone size-full wp-image-1276\" src=\"https:\/\/themes.radiantthemes.com\/consultix\/demo-three\/wp-content\/uploads\/2018\/02\/Pink-Dark.png\" alt=\"Logo\" width=\"281\" height=\"89\" \/>\r\n\r\nThe Site will be Launching shortly... Perfect and awesome template to present your future product or service. Hooking audience attention is all in the opener.","coming_soon_datetime":"2018-05-24 12:00","search_page_banner_image":{"url":"https:\/\/themes.radiantthemes.com\/consultix\/demo-three\/wp-content\/uploads\/2018\/02\/Inner-Banner-Background-Image.png","id":"5004","height":"127","width":"1600","thumbnail":"https:\/\/themes.radiantthemes.com\/consultix\/demo-three\/wp-content\/uploads\/2018\/02\/Inner-Banner-Background-Image-150x127.png","title":"Inner-Banner-Background-Image","caption":"","alt":"banner","description":""},"search_page_banner_title":"Search","events_banner_details":"banner-breadcumbs","event_banner_image":{"url":"https:\/\/themes.radiantthemes.com\/consultix\/demo-three\/wp-content\/uploads\/2018\/02\/Inner-Banner-Background-Image.png","id":"5004","height":"127","width":"1600","thumbnail":"https:\/\/themes.radiantthemes.com\/consultix\/demo-three\/wp-content\/uploads\/2018\/02\/Inner-Banner-Background-Image-150x127.png","title":"Inner-Banner-Background-Image","caption":"","alt":"banner","description":""},"event_banner_title":"Events","blog-style":"three","blog-layout":"rightsidebar","blog_comment_display":"1","shop-style":"shop-two","shop-sidebar":"shop-nosidebar","shop_box_style":"style-three","shop-details-sidebar":"shop-details-nosidebar","social-icon-target":"1","social-icon-googleplus":"https:\/\/plus.google.com","social-icon-facebook":"https:\/\/facebook.com","social-icon-twitter":"https:\/\/twitter.com","social-icon-vimeo":"https:\/\/vimeo.com","social-icon-youtube":"","social-icon-flickr":"","social-icon-linkedin":"","social-icon-pinterest":"","social-icon-xing":"","social-icon-viadeo":"","social-icon-vkontakte":"","social-icon-tripadvisor":"","social-icon-tumblr":"","social-icon-behance":"","social-icon-instagram":"","social-icon-dribbble":"","social-icon-skype":"","redux-backup":"1"}