<wpml-config>
  <custom-types>
    <custom-type translate="1">product</custom-type>
    <custom-type translate="1">product_variation</custom-type>
    <custom-type translate="1">shop_order</custom-type>
    <custom-type translate="1">shop_order_refund</custom-type>
    <custom-type translate="1">shop_coupon</custom-type>
    <custom-type translate="1">vc4_templates</custom-type>
    <custom-type translate="1">wpcf7_contact_form</custom-type>
    <custom-type translate="1">vc_grid_item</custom-type>
    <custom-type translate="1">testimonial</custom-type>
    <custom-type translate="1">team</custom-type>
    <custom-type translate="1">portfolio</custom-type>
    <custom-type translate="1">client</custom-type>
    <custom-type translate="1">tribe_venue</custom-type>
    <custom-type translate="1">tribe_organizer</custom-type>
    <custom-type translate="1">tribe_events</custom-type>
    <custom-type translate="1">tribe-ea-record</custom-type>
    <custom-type translate="1">deleted_event</custom-type>
    <custom-type translate="1">mc4wp-form</custom-type>
  </custom-types>
  <taxonomies>
    <taxonomy translate="1">product_type</taxonomy>
    <taxonomy translate="1">product_visibility</taxonomy>
    <taxonomy translate="1">product_cat</taxonomy>
    <taxonomy translate="1">product_tag</taxonomy>
    <taxonomy translate="1">product_shipping_class</taxonomy>
    <taxonomy translate="1">pa_color</taxonomy>
    <taxonomy translate="1">profession</taxonomy>
    <taxonomy translate="1">portfolio-category</taxonomy>
    <taxonomy translate="1">tribe_events_cat</taxonomy>
  </taxonomies>
  <custom-fields>
    <custom-field action="translate">_form</custom-field>
    <custom-field action="translate">_mail</custom-field>
    <custom-field action="translate">_mail_2</custom-field>
    <custom-field action="translate">_messages</custom-field>
    <custom-field action="translate">_additional_settings</custom-field>
    <custom-field action="translate">_locale</custom-field>
    <custom-field action="translate">ecwd_default_calendar</custom-field>
    <custom-field action="translate">ecwd_added_shortcode</custom-field>
    <custom-field action="translate">_wp_attached_file</custom-field>
    <custom-field action="translate">_wp_attachment_metadata</custom-field>
    <custom-field action="translate">_edit_lock</custom-field>
    <custom-field action="translate">_sold_individually</custom-field>
    <custom-field action="translate">_vc_post_settings</custom-field>
    <custom-field action="translate">_mc4wp_settings</custom-field>
    <custom-field action="translate">text_subscribed</custom-field>
    <custom-field action="translate">text_invalid_email</custom-field>
    <custom-field action="translate">text_required_field_missing</custom-field>
    <custom-field action="translate">text_already_subscribed</custom-field>
    <custom-field action="translate">text_error</custom-field>
    <custom-field action="translate">text_unsubscribed</custom-field>
    <custom-field action="translate">text_not_subscribed</custom-field>
    <custom-field action="translate">text_no_lists_selected</custom-field>
    <custom-field action="translate">text_updated</custom-field>
    <custom-field action="translate">_wpb_shortcodes_custom_css</custom-field>
    <custom-field action="translate">_wpml_media_featured</custom-field>
    <custom-field action="translate">_wpml_location_migration_done</custom-field>
    <custom-field action="translate">wpml_media_processed</custom-field>
    <custom-field action="translate">_wp_attachment_image_alt</custom-field>
    <custom-field action="translate">_alp_processed</custom-field>
    <custom-field action="translate">slide_template</custom-field>
    <custom-field action="translate">_edit_last</custom-field>
    <custom-field action="translate">_wp_page_template</custom-field>
    <custom-field action="translate">banner_title</custom-field>
    <custom-field action="translate">bannercheck</custom-field>
    <custom-field action="translate">_wpb_vc_js_status</custom-field>
    <custom-field action="translate">_wpml_media_duplicate</custom-field>
    <custom-field action="translate">_wp_trash_meta_status</custom-field>
    <custom-field action="translate">_wp_trash_meta_time</custom-field>
    <custom-field action="translate">_menu_item_object</custom-field>
    <custom-field action="translate">_menu_item_object_id</custom-field>
    <custom-field action="translate">_menu_item_target</custom-field>
    <custom-field action="translate">_menu_item_type</custom-field>
    <custom-field action="translate">_menu_item_url</custom-field>
    <custom-field action="translate">_menu_item_xfn</custom-field>
    <custom-field action="translate">_purchase_note</custom-field>
    <custom-field action="translate">_product_version</custom-field>
    <custom-field action="translate">fg_temp_metadata</custom-field>
    <custom-field action="translate">_menu_item_classes</custom-field>
    <custom-field action="translate">_menu_item_menu_item_parent</custom-field>
    <custom-field action="translate">title</custom-field>
    <custom-field action="translate">meta_robots_index</custom-field>
    <custom-field action="translate">meta_robots_follow</custom-field>
    <custom-field action="translate">description</custom-field>
    <custom-field action="translate">canonicalurl</custom-field>
    <custom-field action="translate">_wpb_post_custom_css</custom-field>
    <custom-field action="translate">_eventcurrencysymbol</custom-field>
    <custom-field action="translate">_eventshowmaplink</custom-field>
    <custom-field action="translate">_eventshowmap</custom-field>
    <custom-field action="translate">_eventallday</custom-field>
    <custom-field action="translate">_eventstartdate</custom-field>
    <custom-field action="translate">_eventenddate</custom-field>
    <custom-field action="translate">_eventstartdateutc</custom-field>
    <custom-field action="translate">_eventenddateutc</custom-field>
    <custom-field action="translate">_team_facebook</custom-field>
    <custom-field action="translate">_team_twitter</custom-field>
    <custom-field action="translate">_team_gplus</custom-field>
    <custom-field action="translate">_team_pinterest</custom-field>
    <custom-field action="translate">_testimonial_designation</custom-field>
    <custom-field action="translate">_testimonial_facebook</custom-field>
    <custom-field action="translate">_testimonial_twitter</custom-field>
    <custom-field action="translate">_testimonial_gplus</custom-field>
    <custom-field action="translate">_testimonial_pinterest</custom-field>
    <custom-field action="translate">_config_errors</custom-field>
    <custom-field action="translate">_thumbnail_id</custom-field>
    <custom-field action="translate">_shipping_last_name</custom-field>
    <custom-field action="translate">_shipping_company</custom-field>
    <custom-field action="translate">_shipping_address_1</custom-field>
    <custom-field action="translate">_shipping_address_2</custom-field>
    <custom-field action="translate">_shipping_city</custom-field>
    <custom-field action="translate">_shipping_state</custom-field>
    <custom-field action="translate">_shipping_postcode</custom-field>
    <custom-field action="translate">_shipping_country</custom-field>
    <custom-field action="translate">_order_currency</custom-field>
    <custom-field action="translate">_cart_discount</custom-field>
    <custom-field action="translate">_cart_discount_tax</custom-field>
    <custom-field action="translate">_order_shipping</custom-field>
    <custom-field action="translate">_order_shipping_tax</custom-field>
    <custom-field action="translate">_order_tax</custom-field>
    <custom-field action="translate">_order_total</custom-field>
    <custom-field action="translate">_order_version</custom-field>
    <custom-field action="translate">_prices_include_tax</custom-field>
    <custom-field action="translate">_billing_address_index</custom-field>
    <custom-field action="translate">_shipping_address_index</custom-field>
    <custom-field action="translate">_recorded_sales</custom-field>
    <custom-field action="translate">_recorded_coupon_usage_counts</custom-field>
    <custom-field action="translate">_order_stock_reduced</custom-field>
    <custom-field action="translate">_top_nav_excluded</custom-field>
    <custom-field action="translate">_cms_nav_minihome</custom-field>
    <custom-field action="translate">_megamenu</custom-field>
    <custom-field action="translate">_wc_rating_count</custom-field>
    <custom-field action="translate">_wc_average_rating</custom-field>
    <custom-field action="translate">_wp_old_slug</custom-field>
    <custom-field action="translate">_wp_attachment_backup_sizes</custom-field>
    <custom-field action="translate">_product_url</custom-field>
    <custom-field action="translate">_download_expiry</custom-field>
    <custom-field action="translate">_download_limit</custom-field>
    <custom-field action="translate">_file_paths</custom-field>
    <custom-field action="translate">_file_path</custom-field>
    <custom-field action="translate">_featured</custom-field>
    <custom-field action="translate">_woocommerce_exclude_image</custom-field>
    <custom-field action="translate">_visibility</custom-field>
    <custom-field action="translate">_price</custom-field>
    <custom-field action="translate">_virtual</custom-field>
    <custom-field action="translate">_downloadable</custom-field>
    <custom-field action="translate">_sku</custom-field>
    <custom-field action="translate">total_sales</custom-field>
    <custom-field action="translate">_product_attributes</custom-field>
    <custom-field action="translate">_product_image_gallery</custom-field>
    <custom-field action="translate">_wc_review_count</custom-field>
    <custom-field action="translate">_default_attributes</custom-field>
    <custom-field action="translate">_button_text</custom-field>
    <custom-field action="translate">_max_variation_sale_price</custom-field>
    <custom-field action="translate">_min_variation_sale_price</custom-field>
    <custom-field action="translate">_max_variation_regular_price</custom-field>
    <custom-field action="translate">_min_variation_regular_price</custom-field>
    <custom-field action="translate">_max_variation_price</custom-field>
    <custom-field action="translate">_min_variation_price</custom-field>
    <custom-field action="translate">_sale_price_dates_to</custom-field>
    <custom-field action="translate">_sale_price_dates_from</custom-field>
    <custom-field action="translate">_crosssell_skus</custom-field>
    <custom-field action="translate">_upsell_skus</custom-field>
    <custom-field action="translate">_crosssell_ids</custom-field>
    <custom-field action="translate">_upsell_ids</custom-field>
    <custom-field action="translate">_tax_class</custom-field>
    <custom-field action="translate">_manage_stock</custom-field>
    <custom-field action="translate">_sale_price</custom-field>
    <custom-field action="translate">_regular_price</custom-field>
    <custom-field action="translate">_weight</custom-field>
    <custom-field action="translate">_length</custom-field>
    <custom-field action="translate">_width</custom-field>
    <custom-field action="translate">_height</custom-field>
    <custom-field action="translate">_tax_status</custom-field>
    <custom-field action="translate">_backorders</custom-field>
    <custom-field action="translate">_stock_status</custom-field>
    <custom-field action="translate">_stock</custom-field>
    <custom-field action="translate">_rt_megamenu_sicon</custom-field>
    <custom-field action="translate">_rt_megamenu_type</custom-field>
    <custom-field action="translate">_billing_email</custom-field>
    <custom-field action="translate">_shipping_first_name</custom-field>
    <custom-field action="translate">_billing_phone</custom-field>
    <custom-field action="translate">_billing_country</custom-field>
    <custom-field action="translate">_billing_postcode</custom-field>
    <custom-field action="translate">_billing_state</custom-field>
    <custom-field action="translate">_billing_city</custom-field>
    <custom-field action="translate">_billing_last_name</custom-field>
    <custom-field action="translate">_billing_company</custom-field>
    <custom-field action="translate">_billing_address_1</custom-field>
    <custom-field action="translate">_billing_address_2</custom-field>
    <custom-field action="translate">_billing_first_name</custom-field>
    <custom-field action="translate">_cart_hash</custom-field>
    <custom-field action="translate">_paid_date</custom-field>
    <custom-field action="translate">_date_paid</custom-field>
    <custom-field action="translate">_tribe_modified_fields</custom-field>
    <custom-field action="translate">_venueorigin</custom-field>
    <custom-field action="translate">_team_phone</custom-field>
    <custom-field action="translate">_team_email</custom-field>
    <custom-field action="translate">_customer_user_agent</custom-field>
    <custom-field action="translate">_created_via</custom-field>
    <custom-field action="translate">_order_key</custom-field>
    <custom-field action="translate">_customer_user</custom-field>
    <custom-field action="translate">_payment_method</custom-field>
    <custom-field action="translate">_payment_method_title</custom-field>
    <custom-field action="translate">_transaction_id</custom-field>
    <custom-field action="translate">_customer_ip_address</custom-field>
    <custom-field action="translate">_date_completed</custom-field>
    <custom-field action="translate">_completed_date</custom-field>
    <custom-field action="translate">_eventurl</custom-field>
    <custom-field action="translate">_eventtimezone</custom-field>
    <custom-field action="translate">_eventtimezoneabbr</custom-field>
    <custom-field action="translate">_eventcost</custom-field>
    <custom-field action="translate">_venuestateprovince</custom-field>
    <custom-field action="translate">_organizerorigin</custom-field>
    <custom-field action="translate">_venueprovince</custom-field>
    <custom-field action="translate">_venuestate</custom-field>
    <custom-field action="translate">_venuezip</custom-field>
    <custom-field action="translate">_venuephone</custom-field>
    <custom-field action="translate">_venueurl</custom-field>
    <custom-field action="translate">_venueshowmap</custom-field>
    <custom-field action="translate">_venueaddress</custom-field>
    <custom-field action="translate">_venuecity</custom-field>
    <custom-field action="translate">_venuecountry</custom-field>
    <custom-field action="translate">_eventcurrencyposition</custom-field>
    <custom-field action="translate">_venueshowmaplink</custom-field>
    <custom-field action="translate">_menu_item_orphaned</custom-field>
    <custom-field action="translate">_organizerphone</custom-field>
    <custom-field action="translate">_organizerwebsite</custom-field>
    <custom-field action="translate">_organizeremail</custom-field>
    <custom-field action="translate">_eventorigin</custom-field>
    <custom-field action="translate">_eventduration</custom-field>
    <custom-field action="translate">_eventvenueid</custom-field>
    <custom-field action="translate">_eventorganizerid</custom-field>
    <custom-field action="translate">_customize_restore_dismissed</custom-field>
    <custom-field action="translate">wpml_language</custom-field>
    <custom-field action="translate">_rt_megamenu_enable</custom-field>
    <custom-field action="translate">_wp_old_date</custom-field>
  </custom-fields>
  <admin-texts>
		<key name="consultix_theme_option">
			<key name="theme-general" />
			<key name="color" />
			<key name="info_color_scheme" />
			<key name="color_scheme">
				<key name="color-scheme-midnight-blue" />
				<key name="color-scheme-yellow" />
				<key name="color-scheme-green" />
				<key name="color-scheme-pink" />
				<key name="color-scheme-red" />
				<key name="color-scheme-blue" />
				<key name="color-scheme-spring-green" />
				<key name="color-scheme-orange" />
				<key name="color-scheme-chocolate" />
				<key name="color-scheme-purple" />
			</key>
			<key name="radiant_body_background" />
			<key name="logo-favicon" />
			<key name="info-logo-subheader" />
			<key name="opt-logo-media" />
			<key name="opt-retina-logo-media" />
			<key name="info-icon-subheader" />
			<key name="favicon" />
			<key name="apple-icon" />
			<key name="basic-settings" />
			<key name="general_typography" />
			<key name="h1_typography" />
			<key name="h2_typography" />
			<key name="h3_typography" />
			<key name="h4_typography" />
			<key name="h5_typography" />
			<key name="h6_typography" />
			<key name="custom_slug" />
			<key name="info_change_slug" />
			<key name="change_slug_portfolio" />
			<key name="change_slug_team" />
			<key name="preloader" />
			<key name="info_preloader" />
			<key name="preloader_switch" />
			<key name="preloader_style">
				<key name="rotating-plane" />
				<key name="double-bounce" />
				<key name="wave" />
				<key name="wandering-cubes" />
				<key name="pulse" />
				<key name="chasing-dots" />
				<key name="three-bounce" />
				<key name="circle" />
				<key name="cube-grid" />
				<key name="fading-circle" />
				<key name="folding-cube" />
			</key>
			<key name="preloader_background_color" />
			<key name="preloader_color" />
			<key name="preloader_timeout" />
			<key name="header" />
			<key name="general" />
			<key name="info_header_style" />
			<key name="header-style">
				<key name="header-style-one" />
				<key name="header-style-two" />
				<key name="header-style-three" />
				<key name="header-style-four" />
				<key name="header-style-five" />
				<key name="header-style-six" />
				<key name="header-style-seven" />
			</key>
			<key name="info_header_top" />
			<key name="header_top_bar_background_color" />
			<key name="info_header_main" />
			<key name="header_main_background_color" />
			<key name="header_main_border_botton_color" />
			<key name="header_menu_typography" />
			<key name="header_menu_hover_color" />
			<key name="info_header_contact_zone" />
			<key name="header_style_three_menu_typography" />
			<key name="display_header_style_three_header_main_address" />
			<key name="header_style_three_header_main_address_text" />
			<key name="header_style_three_header_main_address" />
			<key name="display_header_style_three_header_main_meeting_time" />
			<key name="header_style_three_header_main_meeting_time_text" />
			<key name="header_style_three_header_main_meeting_time" />
			<key name="header_style_three_header_main_callback_button" />
			<key name="header_style_three_header_main_callback_button_text" />
			<key name="header_style_three_header_main_callback_button_link" />
			<key name="header_style_three_header_main_callback_button_typography" />
			<key name="header_style_three_header_main_callback_button_typography_hover" />
			<key name="header_style_three_header_main_callback_button_background_color" />
			<key name="header_style_three_header_main_callback_button_background_hover_color" />
			<key name="header_style_three_header_main_callback_button_border" />
			<key name="header_style_three_header_main_callback_button_hover_border_color" />
			<key name="info_header_nav_bar" />
			<key name="header_av_bar_background_color" />
			<key name="header_mobile_info" />
			<key name="header_mobile_menu_displace">
				<key name="true" />
				<key name="false" />
			</key>
			<key name="header_sticky_info" />
			<key name="header_sticky_choose" />
			<key name="header_search_info" />
			<key name="header_search_display" />
			<key name="header_search_style">
				<key name="floating-search" />
				<key name="flyout-search" />
			</key>
			<key name="header_search_background_color" />
			<key name="info_header_top_bar" />
			<key name="top_bar_email" />
			<key name="top_bar_phone" />
			<key name="inner_page_banner" />
			<key name="inner_page_banner_info" />
			<key name="inner_page_banner_background" />
			<key name="inner_page_banner_border_bottom" />
			<key name="inner_page_banner_padding" />
			<key name="inner_page_banner_title_font" />
			<key name="inner_page_banner_subtitle_font" />
			<key name="inner_page_banner_alignment">
				<key name="left" />
				<key name="center" />
				<key name="right" />
			</key>
			<key name="breadcrumb" />
			<key name="breadcrumb_info" />
			<key name="breadcrumb_arrow_style" />
			<key name="breadcrumb_font" />
			<key name="breadcrumb_alignment">
				<key name="left" />
				<key name="center" />
				<key name="right" />
			</key>
			<key name="footer" />
			<key name="footer_style_info" />
			<key name="footer-style">
				<key name="footer-style-one" />
				<key name="footer-style-two" />
				<key name="footer-style-three" />
				<key name="footer-style-four" />
				<key name="footer-style-five" />
			</key>
			<key name="footer-style-background" />
			<key name="footer_navigation_info" />
			<key name="footer_navigation_background_color" />
			<key name="footer_main_info" />
			<key name="footer_main_background_color" />
			<key name="footer_main_border_bottom" />
			<key name="footer_copyright_info" />
			<key name="footer_copyright_background_color" />
			<key name="footer_copyright_bar" />
			<key name="elements" />
			<key name="scroll_bar" />
			<key name="scrollbar_switch" />
			<key name="scrollbar_color" />
			<key name="scrollbar_width" />
			<key name="button-style" />
			<key name="button_padding" />
			<key name="button_background_color" />
			<key name="button_background_color_hover" />
			<key name="button_border" />
			<key name="button_hover_border_color" />
			<key name="border-radius" />
			<key name="theme_button_box_shadow" />
			<key name="button_typography" />
			<key name="button_typography_hover" />
			<key name="button_typography_icon" />
			<key name="button_typography_icon_hover" />
			<key name="contact_form_style" />
			<key name="contact_form_style_input_height" />
			<key name="contact_form_style_textarea_height" />
			<key name="contact_form_style_input_padding_focus" />
			<key name="contact_form_style_input_box_shadow" />
			<key name="our_story" />
			<key name="element_ourstory_themecolor" />
			<key name="accordion" />
			<key name="element_accordion_style_one_backgroundcolor" />
			<key name="element_accordion_style_one_title_fontcolor" />
			<key name="element_accordion_style_two_icon_backgroundcolor" />
			<key name="element_accordion_style_two_icon_active_backgroundcolor" />
			<key name="element_accordion_style_three_title_color" />
			<key name="element_accordion_style_four_active_title_color" />
			<key name="fancy_text_box" />
			<key name="element_fancytextbox_style_color" />
			<key name="pricing_table" />
			<key name="element_pricingtable_style_one_info" />
			<key name="element_pricingtable_style_one_theme_color" />
			<key name="element_pricingtable_style_one_theme_altcolor" />
			<key name="element_pricingtable_style_one_data_font_color" />
			<key name="element_pricingtable_style_two_info" />
			<key name="element_pricingtable_style_two_theme_color" />
			<key name="element_pricingtable_style_two_theme_altcolor" />
			<key name="element_pricingtable_style_three_info" />
			<key name="element_pricingtable_style_three_theme_color" />
			<key name="portfolio" />
			<key name="element_portfolio_style_info" />
			<key name="element_portfolio_style_theme_color" />
			<key name="testimonial" />
			<key name="element_testimonial_style_one_info" />
			<key name="element_testimonial_style_one_title_color" />
			<key name="element_testimonial_style_one_subtitle_color" />
			<key name="element_testimonial_style_one_content_background" />
			<key name="element_testimonial_style_one_content_color" />
			<key name="element_testimonial_style_two_info" />
			<key name="element_testimonial_style_two_title_color" />
			<key name="element_testimonial_style_two_content_color" />
			<key name="element_testimonial_style_two_social_icon_color" />
			<key name="element_testimonial_style_three_info" />
			<key name="element_testimonial_style_three_title_color" />
			<key name="element_testimonial_style_three_content_color" />
			<key name="element_testimonial_style_three_rating_star_color" />
			<key name="element_testimonial_style_four_info" />
			<key name="element_testimonial_style_four_title_color" />
			<key name="element_testimonial_style_four_content_background" />
			<key name="element_testimonial_style_four_content_color" />
			<key name="element_testimonial_style_four_rating_star_color" />
			<key name="element_testimonial_style_five_info" />
			<key name="element_testimonial_style_five_title_color" />
			<key name="element_testimonial_style_five_subtitle_color" />
			<key name="element_testimonial_style_five_content_background" />
			<key name="element_testimonial_style_five_content_color" />
			<key name="element_testimonial_style_six_info" />
			<key name="element_testimonial_style_six_title_color" />
			<key name="element_testimonial_style_six_content_color" />
			<key name="element_testimonial_style_seven_info" />
			<key name="element_testimonial_style_seven_title_color" />
			<key name="element_testimonial_style_seven_subtitle_color" />
			<key name="element_testimonial_style_seven_content_color" />
			<key name="element_testimonial_style_seven_rating_star_color" />
			<key name="element_testimonial_style_eight_info" />
			<key name="element_testimonial_style_eight_title_color" />
			<key name="element_testimonial_style_eight_subtitle_color" />
			<key name="element_testimonial_style_eight_content_background" />
			<key name="element_testimonial_style_eight_content_color" />
			<key name="element_testimonial_style_nine_info" />
			<key name="element_testimonial_style_nine_title_color" />
			<key name="element_testimonial_style_nine_subtitle_color" />
			<key name="element_testimonial_style_nine_content_background" />
			<key name="element_testimonial_style_nine_content_color" />
			<key name="element_testimonial_style_ten_info" />
			<key name="element_testimonial_style_ten_title_color" />
			<key name="element_testimonial_style_ten_subtitle_color" />
			<key name="element_testimonial_style_ten_separator_color" />
			<key name="element_testimonial_style_ten_content_color" />
			<key name="event-calendar-style" />
			<key name="event_calendar_header_background" />
			<key name="event_calendar_other_month_background" />
			<key name="event_calendar_current_month_background" />
			<key name="event_calendar_current_month_background_hover" />
			<key name="event_calendar_current_month_header_background" />
			<key name="event_calendar_current_month_active_header_background" />
			<key name="pages-option" />
			<key name="error" />
			<key name="error_custom_background_info" />
			<key name="error_custom_background_switch" />
			<key name="error_custom_background_property" />
			<key name="error_custom_background_style">
				<key name="style-one" />
				<key name="style-two" />
			</key>
			<key name="error_custom_content_info" />
			<key name="error_custom_content_padding" />
			<key name="error_custom_content_body" />
			<key name="maintenance_mode" />
			<key name="maintenance_mode_switch" />
			<key name="maintenance_mode_background_property" />
			<key name="maintenance_mode_content_body" />
			<key name="maintenance_mode_progressbar_switch" />
			<key name="maintenance_mode_progressbar_width" />
			<key name="maintenance_mode_progressbar_height" />
			<key name="coming_soon" />
			<key name="coming_soon_switch" />
			<key name="coming_soon_custom_background_style">
				<key name="style-one" />
				<key name="style-two" />
			</key>
			<key name="coming_soon_background_property" />
			<key name="coming_soon_body" />
			<key name="coming_soon_datetime" />
			<key name="search" />
			<key name="search_page_banner_image" />
			<key name="search_page_banner_title" />
			<key name="blog" />
			<key name="blog_layout" />
			<key name="blog-style">
				<key name="one" />
				<key name="two" />
				<key name="three" />
			</key>
			<key name="blog-layout">
				<key name="leftsidebar" />
				<key name="nosidebar" />
				<key name="rightsidebar" />
			</key>
			<key name="blog_options" />
			<key name="blog_comment_display" />
			<key name="shop" />
			<key name="product_listing" />
			<key name="shop-style">
				<key name="shop-one" />
				<key name="shop-two" />
			</key>
			<key name="shop-sidebar">
				<key name="shop-leftsidebar" />
				<key name="shop-nosidebar" />
				<key name="shop-rightsidebar" />
			</key>
			<key name="shop_box_style">
				<key name="style-one" />
				<key name="style-two" />
				<key name="style-three" />
				<key name="style-four" />
			</key>
			<key name="product_details" />
			<key name="shop-details-sidebar">
				<key name="shop-details-leftsidebar" />
				<key name="shop-details-nosidebar" />
				<key name="shop-details-rightsidebar" />
			</key>
			<key name="social_icons" />
			<key name="social-icon-target" />
			<key name="social-icon-googleplus" />
			<key name="social-icon-facebook" />
			<key name="social-icon-twitter" />
			<key name="social-icon-vimeo" />
			<key name="social-icon-youtube" />
			<key name="social-icon-flickr" />
			<key name="social-icon-linkedin" />
			<key name="social-icon-pinterest" />
			<key name="social-icon-xing" />
			<key name="social-icon-viadeo" />
			<key name="social-icon-vkontakte" />
			<key name="social-icon-tripadvisor" />
			<key name="social-icon-tumblr" />
			<key name="social-icon-behance" />
			<key name="social-icon-instagram" />
			<key name="social-icon-dribbble" />
			<key name="social-icon-skype" />
		</key>
	</admin-texts>
</wpml-config>